Date,Page,Clicks,Impressions,CTR,Position
2025-12-01,https://example.com/seo-audit-checklist,40,837,0.0478,16.00
2025-12-01,https://example.com/technical-seo-guide,32,776,0.0412,20.00
2025-12-01,https://example.com/content-cluster-strategy,28,727,0.0385,18.00
2025-12-01,https://example.com/keyword-research-b2b,24,595,0.0403,24.00
2025-12-01,https://example.com/internal-linking-playbook,35,825,0.0424,19.00
2025-12-01,https://example.com/programmatic-seo-case-study,30,788,0.0381,22.00
2025-12-01,https://example.com/local-seo-template,20,484,0.0413,25.00
2025-12-01,https://example.com/site-speed-optimization,26,582,0.0447,28.00
2025-12-04,https://example.com/seo-audit-checklist,41,837,0.0490,16.00
2025-12-04,https://example.com/technical-seo-guide,33,776,0.0425,20.00
2025-12-04,https://example.com/content-cluster-strategy,29,727,0.0399,18.00
2025-12-04,https://example.com/keyword-research-b2b,25,595,0.0420,24.00
2025-12-04,https://example.com/internal-linking-playbook,36,825,0.0436,19.00
2025-12-04,https://example.com/programmatic-seo-case-study,31,788,0.0393,22.00
2025-12-04,https://example.com/local-seo-template,20,484,0.0413,25.00
2025-12-04,https://example.com/site-speed-optimization,27,582,0.0464,28.00
2025-12-07,https://example.com/seo-audit-checklist,42,837,0.0502,16.00
2025-12-07,https://example.com/technical-seo-guide,33,776,0.0425,20.00
2025-12-07,https://example.com/content-cluster-strategy,29,727,0.0399,18.00
2025-12-07,https://example.com/keyword-research-b2b,25,595,0.0420,24.00
2025-12-07,https://example.com/internal-linking-playbook,36,825,0.0436,19.00
2025-12-07,https://example.com/programmatic-seo-case-study,31,788,0.0393,22.00
2025-12-07,https://example.com/local-seo-template,21,484,0.0434,25.00
2025-12-07,https://example.com/site-speed-optimization,27,582,0.0464,28.00
2025-12-10,https://example.com/seo-audit-checklist,42,837,0.0502,16.00
2025-12-10,https://example.com/technical-seo-guide,34,776,0.0438,20.00
2025-12-10,https://example.com/content-cluster-strategy,29,727,0.0399,18.00
2025-12-10,https://example.com/keyword-research-b2b,25,595,0.0420,24.00
2025-12-10,https://example.com/internal-linking-playbook,37,825,0.0448,19.00
2025-12-10,https://example.com/programmatic-seo-case-study,32,788,0.0406,22.00
2025-12-10,https://example.com/local-seo-template,21,484,0.0434,25.00
2025-12-10,https://example.com/site-speed-optimization,27,582,0.0464,28.00
2025-12-13,https://example.com/seo-audit-checklist,42,837,0.0502,16.00
2025-12-13,https://example.com/technical-seo-guide,34,776,0.0438,20.00
2025-12-13,https://example.com/content-cluster-strategy,30,727,0.0413,18.00
2025-12-13,https://example.com/keyword-research-b2b,25,595,0.0420,24.00
2025-12-13,https://example.com/internal-linking-playbook,37,825,0.0448,19.00
2025-12-13,https://example.com/programmatic-seo-case-study,32,788,0.0406,22.00
2025-12-13,https://example.com/local-seo-template,21,484,0.0434,25.00
2025-12-13,https://example.com/site-speed-optimization,28,582,0.0481,28.00
2025-12-16,https://example.com/seo-audit-checklist,42,837,0.0502,16.00
2025-12-16,https://example.com/technical-seo-guide,34,776,0.0438,20.00
2025-12-16,https://example.com/content-cluster-strategy,30,727,0.0413,18.00
2025-12-16,https://example.com/keyword-research-b2b,25,595,0.0420,24.00
2025-12-16,https://example.com/internal-linking-playbook,37,825,0.0448,19.00
2025-12-16,https://example.com/programmatic-seo-case-study,32,788,0.0406,22.00
2025-12-16,https://example.com/local-seo-template,21,484,0.0434,25.00
2025-12-16,https://example.com/site-speed-optimization,28,582,0.0481,28.00
2025-12-19,https://example.com/seo-audit-checklist,42,837,0.0502,16.00
2025-12-19,https://example.com/technical-seo-guide,34,776,0.0438,20.00
2025-12-19,https://example.com/content-cluster-strategy,30,727,0.0413,18.00
2025-12-19,https://example.com/keyword-research-b2b,25,595,0.0420,24.00
2025-12-19,https://example.com/internal-linking-playbook,37,825,0.0448,19.00
2025-12-19,https://example.com/programmatic-seo-case-study,32,788,0.0406,22.00
2025-12-19,https://example.com/local-seo-template,21,484,0.0434,25.00
2025-12-19,https://example.com/site-speed-optimization,27,582,0.0464,28.00
2025-12-22,https://example.com/seo-audit-checklist,42,837,0.0502,16.00
2025-12-22,https://example.com/technical-seo-guide,33,776,0.0425,20.00
2025-12-22,https://example.com/content-cluster-strategy,29,727,0.0399,18.00
2025-12-22,https://example.com/keyword-research-b2b,25,595,0.0420,24.00
2025-12-22,https://example.com/internal-linking-playbook,37,825,0.0448,19.00
2025-12-22,https://example.com/programmatic-seo-case-study,31,788,0.0393,22.00
2025-12-22,https://example.com/local-seo-template,21,484,0.0434,25.00
2025-12-22,https://example.com/site-speed-optimization,27,582,0.0464,28.00
2025-12-25,https://example.com/seo-audit-checklist,41,837,0.0490,16.00
2025-12-25,https://example.com/technical-seo-guide,33,776,0.0425,20.00
2025-12-25,https://example.com/content-cluster-strategy,29,727,0.0399,18.00
2025-12-25,https://example.com/keyword-research-b2b,25,595,0.0420,24.00
2025-12-25,https://example.com/internal-linking-playbook,36,825,0.0436,19.00
2025-12-25,https://example.com/programmatic-seo-case-study,31,788,0.0393,22.00
2025-12-25,https://example.com/local-seo-template,21,484,0.0434,25.00
2025-12-25,https://example.com/site-speed-optimization,27,582,0.0464,28.00
2025-12-28,https://example.com/seo-audit-checklist,40,837,0.0478,16.00
2025-12-28,https://example.com/technical-seo-guide,32,776,0.0412,20.00
2025-12-28,https://example.com/content-cluster-strategy,28,727,0.0385,18.00
2025-12-28,https://example.com/keyword-research-b2b,24,595,0.0403,24.00
2025-12-28,https://example.com/internal-linking-playbook,35,825,0.0424,19.00
2025-12-28,https://example.com/programmatic-seo-case-study,30,788,0.0381,22.00
2025-12-28,https://example.com/local-seo-template,20,484,0.0413,25.00
2025-12-28,https://example.com/site-speed-optimization,26,582,0.0447,28.00
2025-12-31,https://example.com/seo-audit-checklist,40,837,0.0478,16.00
2025-12-31,https://example.com/technical-seo-guide,32,776,0.0412,20.00
2025-12-31,https://example.com/content-cluster-strategy,28,727,0.0385,18.00
2025-12-31,https://example.com/keyword-research-b2b,24,595,0.0403,24.00
2025-12-31,https://example.com/internal-linking-playbook,35,825,0.0424,19.00
2025-12-31,https://example.com/programmatic-seo-case-study,30,788,0.0381,22.00
2025-12-31,https://example.com/local-seo-template,20,484,0.0413,25.00
2025-12-31,https://example.com/site-speed-optimization,26,582,0.0447,28.00
2026-01-03,https://example.com/seo-audit-checklist,46,941,0.0489,15.30
2026-01-03,https://example.com/technical-seo-guide,35,842,0.0416,19.30
2026-01-03,https://example.com/content-cluster-strategy,30,760,0.0395,17.30
2026-01-03,https://example.com/keyword-research-b2b,25,607,0.0412,23.30
2026-01-03,https://example.com/internal-linking-playbook,35,816,0.0429,19.35
2026-01-03,https://example.com/programmatic-seo-case-study,29,753,0.0385,22.35
2026-01-03,https://example.com/local-seo-template,22,514,0.0428,24.30
2026-01-03,https://example.com/site-speed-optimization,25,542,0.0461,28.35
2026-01-06,https://example.com/seo-audit-checklist,47,941,0.0499,15.30
2026-01-06,https://example.com/technical-seo-guide,36,842,0.0428,19.30
2026-01-06,https://example.com/content-cluster-strategy,30,760,0.0395,17.30
2026-01-06,https://example.com/keyword-research-b2b,25,607,0.0412,23.30
2026-01-06,https://example.com/internal-linking-playbook,36,816,0.0441,19.35
2026-01-06,https://example.com/programmatic-seo-case-study,30,753,0.0398,22.35
2026-01-06,https://example.com/local-seo-template,22,514,0.0428,24.30
2026-01-06,https://example.com/site-speed-optimization,25,542,0.0461,28.35
2026-01-09,https://example.com/seo-audit-checklist,47,941,0.0499,15.30
2026-01-09,https://example.com/technical-seo-guide,36,842,0.0428,19.30
2026-01-09,https://example.com/content-cluster-strategy,31,760,0.0408,17.30
2026-01-09,https://example.com/keyword-research-b2b,26,607,0.0428,23.30
2026-01-09,https://example.com/internal-linking-playbook,36,816,0.0441,19.35
2026-01-09,https://example.com/programmatic-seo-case-study,30,753,0.0398,22.35
2026-01-09,https://example.com/local-seo-template,22,514,0.0428,24.30
2026-01-09,https://example.com/site-speed-optimization,25,542,0.0461,28.35
2026-01-12,https://example.com/seo-audit-checklist,48,941,0.0510,15.30
2026-01-12,https://example.com/technical-seo-guide,37,842,0.0439,19.30
2026-01-12,https://example.com/content-cluster-strategy,31,760,0.0408,17.30
2026-01-12,https://example.com/keyword-research-b2b,26,607,0.0428,23.30
2026-01-12,https://example.com/internal-linking-playbook,37,816,0.0453,19.35
2026-01-12,https://example.com/programmatic-seo-case-study,30,753,0.0398,22.35
2026-01-12,https://example.com/local-seo-template,22,514,0.0428,24.30
2026-01-12,https://example.com/site-speed-optimization,26,542,0.0480,28.35
2026-01-15,https://example.com/seo-audit-checklist,48,941,0.0510,15.30
2026-01-15,https://example.com/technical-seo-guide,37,842,0.0439,19.30
2026-01-15,https://example.com/content-cluster-strategy,31,760,0.0408,17.30
2026-01-15,https://example.com/keyword-research-b2b,26,607,0.0428,23.30
2026-01-15,https://example.com/internal-linking-playbook,37,816,0.0453,19.35
2026-01-15,https://example.com/programmatic-seo-case-study,30,753,0.0398,22.35
2026-01-15,https://example.com/local-seo-template,23,514,0.0447,24.30
2026-01-15,https://example.com/site-speed-optimization,26,542,0.0480,28.35
2026-01-18,https://example.com/seo-audit-checklist,48,941,0.0510,15.30
2026-01-18,https://example.com/technical-seo-guide,37,842,0.0439,19.30
2026-01-18,https://example.com/content-cluster-strategy,31,760,0.0408,17.30
2026-01-18,https://example.com/keyword-research-b2b,26,607,0.0428,23.30
2026-01-18,https://example.com/internal-linking-playbook,37,816,0.0453,19.35
2026-01-18,https://example.com/programmatic-seo-case-study,30,753,0.0398,22.35
2026-01-18,https://example.com/local-seo-template,22,514,0.0428,24.30
2026-01-18,https://example.com/site-speed-optimization,26,542,0.0480,28.35
2026-01-21,https://example.com/seo-audit-checklist,47,941,0.0499,15.30
2026-01-21,https://example.com/technical-seo-guide,36,842,0.0428,19.30
2026-01-21,https://example.com/content-cluster-strategy,31,760,0.0408,17.30
2026-01-21,https://example.com/keyword-research-b2b,26,607,0.0428,23.30
2026-01-21,https://example.com/internal-linking-playbook,36,816,0.0441,19.35
2026-01-21,https://example.com/programmatic-seo-case-study,30,753,0.0398,22.35
2026-01-21,https://example.com/local-seo-template,22,514,0.0428,24.30
2026-01-21,https://example.com/site-speed-optimization,25,542,0.0461,28.35
2026-01-24,https://example.com/seo-audit-checklist,47,941,0.0499,15.30
2026-01-24,https://example.com/technical-seo-guide,36,842,0.0428,19.30
2026-01-24,https://example.com/content-cluster-strategy,30,760,0.0395,17.30
2026-01-24,https://example.com/keyword-research-b2b,25,607,0.0412,23.30
2026-01-24,https://example.com/internal-linking-playbook,36,816,0.0441,19.35
2026-01-24,https://example.com/programmatic-seo-case-study,30,753,0.0398,22.35
2026-01-24,https://example.com/local-seo-template,22,514,0.0428,24.30
2026-01-24,https://example.com/site-speed-optimization,25,542,0.0461,28.35
2026-01-27,https://example.com/seo-audit-checklist,46,941,0.0489,15.30
2026-01-27,https://example.com/technical-seo-guide,35,842,0.0416,19.30
2026-01-27,https://example.com/content-cluster-strategy,30,760,0.0395,17.30
2026-01-27,https://example.com/keyword-research-b2b,25,607,0.0412,23.30
2026-01-27,https://example.com/internal-linking-playbook,35,816,0.0429,19.35
2026-01-27,https://example.com/programmatic-seo-case-study,29,753,0.0385,22.35
2026-01-27,https://example.com/local-seo-template,22,514,0.0428,24.30
2026-01-27,https://example.com/site-speed-optimization,25,542,0.0461,28.35
2026-01-30,https://example.com/seo-audit-checklist,45,941,0.0478,15.30
2026-01-30,https://example.com/technical-seo-guide,35,842,0.0416,19.30
2026-01-30,https://example.com/content-cluster-strategy,29,760,0.0382,17.30
2026-01-30,https://example.com/keyword-research-b2b,24,607,0.0395,23.30
2026-01-30,https://example.com/internal-linking-playbook,35,816,0.0429,19.35
2026-01-30,https://example.com/programmatic-seo-case-study,29,753,0.0385,22.35
2026-01-30,https://example.com/local-seo-template,21,514,0.0409,24.30
2026-01-30,https://example.com/site-speed-optimization,24,542,0.0443,28.35
2026-02-02,https://example.com/seo-audit-checklist,51,1059,0.0482,14.60
2026-02-02,https://example.com/technical-seo-guide,38,913,0.0416,18.60
2026-02-02,https://example.com/content-cluster-strategy,31,795,0.0390,16.60
2026-02-02,https://example.com/keyword-research-b2b,25,618,0.0405,22.60
2026-02-02,https://example.com/internal-linking-playbook,35,808,0.0433,19.70
2026-02-02,https://example.com/programmatic-seo-case-study,28,721,0.0388,22.70
2026-02-02,https://example.com/local-seo-template,23,545,0.0422,23.60
2026-02-02,https://example.com/site-speed-optimization,23,505,0.0455,28.70
2026-02-05,https://example.com/seo-audit-checklist,52,1059,0.0491,14.60
2026-02-05,https://example.com/technical-seo-guide,39,913,0.0427,18.60
2026-02-05,https://example.com/content-cluster-strategy,32,795,0.0403,16.60
2026-02-05,https://example.com/keyword-research-b2b,26,618,0.0421,22.60
2026-02-05,https://example.com/internal-linking-playbook,35,808,0.0433,19.70
2026-02-05,https://example.com/programmatic-seo-case-study,28,721,0.0388,22.70
2026-02-05,https://example.com/local-seo-template,23,545,0.0422,23.60
2026-02-05,https://example.com/site-speed-optimization,23,505,0.0455,28.70
2026-02-08,https://example.com/seo-audit-checklist,53,1059,0.0500,14.60
2026-02-08,https://example.com/technical-seo-guide,39,913,0.0427,18.60
2026-02-08,https://example.com/content-cluster-strategy,32,795,0.0403,16.60
2026-02-08,https://example.com/keyword-research-b2b,26,618,0.0421,22.60
2026-02-08,https://example.com/internal-linking-playbook,36,808,0.0446,19.70
2026-02-08,https://example.com/programmatic-seo-case-study,29,721,0.0402,22.70
2026-02-08,https://example.com/local-seo-template,24,545,0.0440,23.60
2026-02-08,https://example.com/site-speed-optimization,24,505,0.0475,28.70
2026-02-11,https://example.com/seo-audit-checklist,53,1059,0.0500,14.60
2026-02-11,https://example.com/technical-seo-guide,40,913,0.0438,18.60
2026-02-11,https://example.com/content-cluster-strategy,32,795,0.0403,16.60
2026-02-11,https://example.com/keyword-research-b2b,26,618,0.0421,22.60
2026-02-11,https://example.com/internal-linking-playbook,36,808,0.0446,19.70
2026-02-11,https://example.com/programmatic-seo-case-study,29,721,0.0402,22.70
2026-02-11,https://example.com/local-seo-template,24,545,0.0440,23.60
2026-02-11,https://example.com/site-speed-optimization,24,505,0.0475,28.70
2026-02-14,https://example.com/seo-audit-checklist,54,1059,0.0510,14.60
2026-02-14,https://example.com/technical-seo-guide,40,913,0.0438,18.60
2026-02-14,https://example.com/content-cluster-strategy,32,795,0.0403,16.60
2026-02-14,https://example.com/keyword-research-b2b,26,618,0.0421,22.60
2026-02-14,https://example.com/internal-linking-playbook,36,808,0.0446,19.70
2026-02-14,https://example.com/programmatic-seo-case-study,29,721,0.0402,22.70
2026-02-14,https://example.com/local-seo-template,24,545,0.0440,23.60
2026-02-14,https://example.com/site-speed-optimization,24,505,0.0475,28.70
2026-02-17,https://example.com/seo-audit-checklist,54,1059,0.0510,14.60
2026-02-17,https://example.com/technical-seo-guide,40,913,0.0438,18.60
2026-02-17,https://example.com/content-cluster-strategy,32,795,0.0403,16.60
2026-02-17,https://example.com/keyword-research-b2b,26,618,0.0421,22.60
2026-02-17,https://example.com/internal-linking-playbook,36,808,0.0446,19.70
2026-02-17,https://example.com/programmatic-seo-case-study,29,721,0.0402,22.70
2026-02-17,https://example.com/local-seo-template,24,545,0.0440,23.60
2026-02-17,https://example.com/site-speed-optimization,24,505,0.0475,28.70
2026-02-20,https://example.com/seo-audit-checklist,53,1059,0.0500,14.60
2026-02-20,https://example.com/technical-seo-guide,40,913,0.0438,18.60
2026-02-20,https://example.com/content-cluster-strategy,32,795,0.0403,16.60
2026-02-20,https://example.com/keyword-research-b2b,26,618,0.0421,22.60
2026-02-20,https://example.com/internal-linking-playbook,36,808,0.0446,19.70
2026-02-20,https://example.com/programmatic-seo-case-study,29,721,0.0402,22.70
2026-02-20,https://example.com/local-seo-template,24,545,0.0440,23.60
2026-02-20,https://example.com/site-speed-optimization,24,505,0.0475,28.70
2026-02-23,https://example.com/seo-audit-checklist,53,1059,0.0500,14.60
2026-02-23,https://example.com/technical-seo-guide,39,913,0.0427,18.60
2026-02-23,https://example.com/content-cluster-strategy,32,795,0.0403,16.60
2026-02-23,https://example.com/keyword-research-b2b,26,618,0.0421,22.60
2026-02-23,https://example.com/internal-linking-playbook,36,808,0.0446,19.70
2026-02-23,https://example.com/programmatic-seo-case-study,29,721,0.0402,22.70
2026-02-23,https://example.com/local-seo-template,23,545,0.0422,23.60
2026-02-23,https://example.com/site-speed-optimization,23,505,0.0455,28.70
2026-02-26,https://example.com/seo-audit-checklist,52,1059,0.0491,14.60
2026-02-26,https://example.com/technical-seo-guide,39,913,0.0427,18.60
2026-02-26,https://example.com/content-cluster-strategy,31,795,0.0390,16.60
2026-02-26,https://example.com/keyword-research-b2b,26,618,0.0421,22.60
2026-02-26,https://example.com/internal-linking-playbook,35,808,0.0433,19.70
2026-02-26,https://example.com/programmatic-seo-case-study,28,721,0.0388,22.70
2026-02-26,https://example.com/local-seo-template,23,545,0.0422,23.60
2026-02-26,https://example.com/site-speed-optimization,23,505,0.0455,28.70
2026-03-01,https://example.com/seo-audit-checklist,57,1191,0.0479,13.90
2026-03-01,https://example.com/technical-seo-guide,41,990,0.0414,17.90
2026-03-01,https://example.com/content-cluster-strategy,32,831,0.0385,15.90
2026-03-01,https://example.com/keyword-research-b2b,26,630,0.0413,21.90
2026-03-01,https://example.com/internal-linking-playbook,34,800,0.0425,20.05
2026-03-01,https://example.com/programmatic-seo-case-study,26,689,0.0377,23.05
2026-03-01,https://example.com/local-seo-template,24,579,0.0415,22.90
2026-03-01,https://example.com/site-speed-optimization,21,470,0.0447,29.05
2026-03-04,https://example.com/seo-audit-checklist,58,1191,0.0487,13.90
2026-03-04,https://example.com/technical-seo-guide,42,990,0.0424,17.90
2026-03-04,https://example.com/content-cluster-strategy,33,831,0.0397,15.90
2026-03-04,https://example.com/keyword-research-b2b,26,630,0.0413,21.90
2026-03-04,https://example.com/internal-linking-playbook,35,800,0.0437,20.05
2026-03-04,https://example.com/programmatic-seo-case-study,27,689,0.0392,23.05
2026-03-04,https://example.com/local-seo-template,25,579,0.0432,22.90
2026-03-04,https://example.com/site-speed-optimization,22,470,0.0468,29.05
2026-03-07,https://example.com/seo-audit-checklist,59,1191,0.0495,13.90
2026-03-07,https://example.com/technical-seo-guide,42,990,0.0424,17.90
2026-03-07,https://example.com/content-cluster-strategy,33,831,0.0397,15.90
2026-03-07,https://example.com/keyword-research-b2b,26,630,0.0413,21.90
2026-03-07,https://example.com/internal-linking-playbook,35,800,0.0437,20.05
2026-03-07,https://example.com/programmatic-seo-case-study,27,689,0.0392,23.05
2026-03-07,https://example.com/local-seo-template,25,579,0.0432,22.90
2026-03-07,https://example.com/site-speed-optimization,22,470,0.0468,29.05
2026-03-10,https://example.com/seo-audit-checklist,60,1191,0.0504,13.90
2026-03-10,https://example.com/technical-seo-guide,43,990,0.0434,17.90
2026-03-10,https://example.com/content-cluster-strategy,34,831,0.0409,15.90
2026-03-10,https://example.com/keyword-research-b2b,27,630,0.0429,21.90
2026-03-10,https://example.com/internal-linking-playbook,36,800,0.0450,20.05
2026-03-10,https://example.com/programmatic-seo-case-study,28,689,0.0406,23.05
2026-03-10,https://example.com/local-seo-template,25,579,0.0432,22.90
2026-03-10,https://example.com/site-speed-optimization,22,470,0.0468,29.05
2026-03-13,https://example.com/seo-audit-checklist,60,1191,0.0504,13.90
2026-03-13,https://example.com/technical-seo-guide,43,990,0.0434,17.90
2026-03-13,https://example.com/content-cluster-strategy,34,831,0.0409,15.90
2026-03-13,https://example.com/keyword-research-b2b,27,630,0.0429,21.90
2026-03-13,https://example.com/internal-linking-playbook,36,800,0.0450,20.05
2026-03-13,https://example.com/programmatic-seo-case-study,28,689,0.0406,23.05
2026-03-13,https://example.com/local-seo-template,25,579,0.0432,22.90
2026-03-13,https://example.com/site-speed-optimization,22,470,0.0468,29.05
2026-03-16,https://example.com/seo-audit-checklist,60,1191,0.0504,13.90
2026-03-16,https://example.com/technical-seo-guide,43,990,0.0434,17.90
2026-03-16,https://example.com/content-cluster-strategy,34,831,0.0409,15.90
2026-03-16,https://example.com/keyword-research-b2b,27,630,0.0429,21.90
2026-03-16,https://example.com/internal-linking-playbook,36,800,0.0450,20.05
2026-03-16,https://example.com/programmatic-seo-case-study,28,689,0.0406,23.05
2026-03-16,https://example.com/local-seo-template,25,579,0.0432,22.90
2026-03-16,https://example.com/site-speed-optimization,22,470,0.0468,29.05
2026-03-19,https://example.com/seo-audit-checklist,60,1191,0.0504,13.90
2026-03-19,https://example.com/technical-seo-guide,43,990,0.0434,17.90
2026-03-19,https://example.com/content-cluster-strategy,34,831,0.0409,15.90
2026-03-19,https://example.com/keyword-research-b2b,27,630,0.0429,21.90
2026-03-19,https://example.com/internal-linking-playbook,36,800,0.0450,20.05
2026-03-19,https://example.com/programmatic-seo-case-study,28,689,0.0406,23.05
2026-03-19,https://example.com/local-seo-template,25,579,0.0432,22.90
2026-03-19,https://example.com/site-speed-optimization,22,470,0.0468,29.05
2026-03-22,https://example.com/seo-audit-checklist,59,1191,0.0495,13.90
2026-03-22,https://example.com/technical-seo-guide,43,990,0.0434,17.90
2026-03-22,https://example.com/content-cluster-strategy,33,831,0.0397,15.90
2026-03-22,https://example.com/keyword-research-b2b,27,630,0.0429,21.90
2026-03-22,https://example.com/internal-linking-playbook,35,800,0.0437,20.05
2026-03-22,https://example.com/programmatic-seo-case-study,27,689,0.0392,23.05
2026-03-22,https://example.com/local-seo-template,25,579,0.0432,22.90
2026-03-22,https://example.com/site-speed-optimization,22,470,0.0468,29.05
2026-03-25,https://example.com/seo-audit-checklist,59,1191,0.0495,13.90
2026-03-25,https://example.com/technical-seo-guide,42,990,0.0424,17.90
2026-03-25,https://example.com/content-cluster-strategy,33,831,0.0397,15.90
2026-03-25,https://example.com/keyword-research-b2b,26,630,0.0413,21.90
2026-03-25,https://example.com/internal-linking-playbook,35,800,0.0437,20.05
2026-03-25,https://example.com/programmatic-seo-case-study,27,689,0.0392,23.05
2026-03-25,https://example.com/local-seo-template,25,579,0.0432,22.90
2026-03-25,https://example.com/site-speed-optimization,22,470,0.0468,29.05
2026-03-28,https://example.com/seo-audit-checklist,58,1191,0.0487,13.90
2026-03-28,https://example.com/technical-seo-guide,41,990,0.0414,17.90
2026-03-28,https://example.com/content-cluster-strategy,32,831,0.0385,15.90
2026-03-28,https://example.com/keyword-research-b2b,26,630,0.0413,21.90
2026-03-28,https://example.com/internal-linking-playbook,34,800,0.0425,20.05
2026-03-28,https://example.com/programmatic-seo-case-study,27,689,0.0392,23.05
2026-03-28,https://example.com/local-seo-template,24,579,0.0415,22.90
2026-03-28,https://example.com/site-speed-optimization,21,470,0.0447,29.05
2026-03-31,https://example.com/seo-audit-checklist,57,1191,0.0479,13.90
2026-03-31,https://example.com/technical-seo-guide,41,990,0.0414,17.90
2026-03-31,https://example.com/content-cluster-strategy,32,831,0.0385,15.90
2026-03-31,https://example.com/keyword-research-b2b,25,630,0.0397,21.90
2026-03-31,https://example.com/internal-linking-playbook,34,800,0.0425,20.05
2026-03-31,https://example.com/programmatic-seo-case-study,26,689,0.0377,23.05
2026-03-31,https://example.com/local-seo-template,24,579,0.0415,22.90
2026-03-31,https://example.com/site-speed-optimization,21,470,0.0447,29.05
2026-04-03,https://example.com/seo-audit-checklist,65,1340,0.0485,13.20
2026-04-03,https://example.com/technical-seo-guide,45,1073,0.0419,17.20
2026-04-03,https://example.com/content-cluster-strategy,34,869,0.0391,15.20
2026-04-03,https://example.com/keyword-research-b2b,26,642,0.0405,21.20
2026-04-03,https://example.com/internal-linking-playbook,34,791,0.0430,20.40
2026-04-03,https://example.com/programmatic-seo-case-study,26,659,0.0395,23.40
2026-04-03,https://example.com/local-seo-template,26,615,0.0423,22.20
2026-04-03,https://example.com/site-speed-optimization,20,438,0.0457,29.40
2026-04-06,https://example.com/seo-audit-checklist,66,1340,0.0493,13.20
2026-04-06,https://example.com/technical-seo-guide,46,1073,0.0429,17.20
2026-04-06,https://example.com/content-cluster-strategy,35,869,0.0403,15.20
2026-04-06,https://example.com/keyword-research-b2b,27,642,0.0421,21.20
2026-04-06,https://example.com/internal-linking-playbook,35,791,0.0442,20.40
2026-04-06,https://example.com/programmatic-seo-case-study,26,659,0.0395,23.40
2026-04-06,https://example.com/local-seo-template,26,615,0.0423,22.20
2026-04-06,https://example.com/site-speed-optimization,20,438,0.0457,29.40
2026-04-09,https://example.com/seo-audit-checklist,67,1340,0.0500,13.20
2026-04-09,https://example.com/technical-seo-guide,46,1073,0.0429,17.20
2026-04-09,https://example.com/content-cluster-strategy,35,869,0.0403,15.20
2026-04-09,https://example.com/keyword-research-b2b,27,642,0.0421,21.20
2026-04-09,https://example.com/internal-linking-playbook,35,791,0.0442,20.40
2026-04-09,https://example.com/programmatic-seo-case-study,26,659,0.0395,23.40
2026-04-09,https://example.com/local-seo-template,27,615,0.0439,22.20
2026-04-09,https://example.com/site-speed-optimization,20,438,0.0457,29.40
2026-04-12,https://example.com/seo-audit-checklist,68,1340,0.0507,13.20
2026-04-12,https://example.com/technical-seo-guide,47,1073,0.0438,17.20
2026-04-12,https://example.com/content-cluster-strategy,35,869,0.0403,15.20
2026-04-12,https://example.com/keyword-research-b2b,27,642,0.0421,21.20
2026-04-12,https://example.com/internal-linking-playbook,36,791,0.0455,20.40
2026-04-12,https://example.com/programmatic-seo-case-study,27,659,0.0410,23.40
2026-04-12,https://example.com/local-seo-template,27,615,0.0439,22.20
2026-04-12,https://example.com/site-speed-optimization,21,438,0.0479,29.40
2026-04-15,https://example.com/seo-audit-checklist,68,1340,0.0507,13.20
2026-04-15,https://example.com/technical-seo-guide,47,1073,0.0438,17.20
2026-04-15,https://example.com/content-cluster-strategy,35,869,0.0403,15.20
2026-04-15,https://example.com/keyword-research-b2b,27,642,0.0421,21.20
2026-04-15,https://example.com/internal-linking-playbook,36,791,0.0455,20.40
2026-04-15,https://example.com/programmatic-seo-case-study,27,659,0.0410,23.40
2026-04-15,https://example.com/local-seo-template,27,615,0.0439,22.20
2026-04-15,https://example.com/site-speed-optimization,21,438,0.0479,29.40
2026-04-18,https://example.com/seo-audit-checklist,68,1340,0.0507,13.20
2026-04-18,https://example.com/technical-seo-guide,47,1073,0.0438,17.20
2026-04-18,https://example.com/content-cluster-strategy,35,869,0.0403,15.20
2026-04-18,https://example.com/keyword-research-b2b,27,642,0.0421,21.20
2026-04-18,https://example.com/internal-linking-playbook,36,791,0.0455,20.40
2026-04-18,https://example.com/programmatic-seo-case-study,27,659,0.0410,23.40
2026-04-18,https://example.com/local-seo-template,27,615,0.0439,22.20
2026-04-18,https://example.com/site-speed-optimization,21,438,0.0479,29.40
2026-04-21,https://example.com/seo-audit-checklist,67,1340,0.0500,13.20
2026-04-21,https://example.com/technical-seo-guide,46,1073,0.0429,17.20
2026-04-21,https://example.com/content-cluster-strategy,35,869,0.0403,15.20
2026-04-21,https://example.com/keyword-research-b2b,27,642,0.0421,21.20
2026-04-21,https://example.com/internal-linking-playbook,35,791,0.0442,20.40
2026-04-21,https://example.com/programmatic-seo-case-study,26,659,0.0395,23.40
2026-04-21,https://example.com/local-seo-template,27,615,0.0439,22.20
2026-04-21,https://example.com/site-speed-optimization,20,438,0.0457,29.40
2026-04-24,https://example.com/seo-audit-checklist,66,1340,0.0493,13.20
2026-04-24,https://example.com/technical-seo-guide,46,1073,0.0429,17.20
2026-04-24,https://example.com/content-cluster-strategy,35,869,0.0403,15.20
2026-04-24,https://example.com/keyword-research-b2b,27,642,0.0421,21.20
2026-04-24,https://example.com/internal-linking-playbook,35,791,0.0442,20.40
2026-04-24,https://example.com/programmatic-seo-case-study,26,659,0.0395,23.40
2026-04-24,https://example.com/local-seo-template,26,615,0.0423,22.20
2026-04-24,https://example.com/site-speed-optimization,20,438,0.0457,29.40
2026-04-27,https://example.com/seo-audit-checklist,65,1340,0.0485,13.20
2026-04-27,https://example.com/technical-seo-guide,45,1073,0.0419,17.20
2026-04-27,https://example.com/content-cluster-strategy,34,869,0.0391,15.20
2026-04-27,https://example.com/keyword-research-b2b,26,642,0.0405,21.20
2026-04-27,https://example.com/internal-linking-playbook,34,791,0.0430,20.40
2026-04-27,https://example.com/programmatic-seo-case-study,26,659,0.0395,23.40
2026-04-27,https://example.com/local-seo-template,26,615,0.0423,22.20
2026-04-27,https://example.com/site-speed-optimization,20,438,0.0457,29.40
2026-04-30,https://example.com/seo-audit-checklist,64,1340,0.0478,13.20
2026-04-30,https://example.com/technical-seo-guide,44,1073,0.0410,17.20
2026-04-30,https://example.com/content-cluster-strategy,33,869,0.0380,15.20
2026-04-30,https://example.com/keyword-research-b2b,26,642,0.0405,21.20
2026-04-30,https://example.com/internal-linking-playbook,34,791,0.0430,20.40
2026-04-30,https://example.com/programmatic-seo-case-study,25,659,0.0379,23.40
2026-04-30,https://example.com/local-seo-template,25,615,0.0407,22.20
2026-04-30,https://example.com/site-speed-optimization,20,438,0.0457,29.40
2026-05-03,https://example.com/seo-audit-checklist,73,1507,0.0484,12.50
2026-05-03,https://example.com/technical-seo-guide,49,1164,0.0421,16.50
2026-05-03,https://example.com/content-cluster-strategy,36,909,0.0396,14.50
2026-05-03,https://example.com/keyword-research-b2b,27,655,0.0412,20.50
2026-05-03,https://example.com/internal-linking-playbook,34,783,0.0434,20.75
2026-05-03,https://example.com/programmatic-seo-case-study,24,630,0.0381,23.75
2026-05-03,https://example.com/local-seo-template,28,653,0.0429,21.50
2026-05-03,https://example.com/site-speed-optimization,19,407,0.0467,29.75
2026-05-06,https://example.com/seo-audit-checklist,75,1507,0.0498,12.50
2026-05-06,https://example.com/technical-seo-guide,50,1164,0.0430,16.50
2026-05-06,https://example.com/content-cluster-strategy,36,909,0.0396,14.50
2026-05-06,https://example.com/keyword-research-b2b,27,655,0.0412,20.50
2026-05-06,https://example.com/internal-linking-playbook,34,783,0.0434,20.75
2026-05-06,https://example.com/programmatic-seo-case-study,25,630,0.0397,23.75
2026-05-06,https://example.com/local-seo-template,28,653,0.0429,21.50
2026-05-06,https://example.com/site-speed-optimization,19,407,0.0467,29.75
2026-05-09,https://example.com/seo-audit-checklist,75,1507,0.0498,12.50
2026-05-09,https://example.com/technical-seo-guide,50,1164,0.0430,16.50
2026-05-09,https://example.com/content-cluster-strategy,37,909,0.0407,14.50
2026-05-09,https://example.com/keyword-research-b2b,28,655,0.0427,20.50
2026-05-09,https://example.com/internal-linking-playbook,35,783,0.0447,20.75
2026-05-09,https://example.com/programmatic-seo-case-study,25,630,0.0397,23.75
2026-05-09,https://example.com/local-seo-template,28,653,0.0429,21.50
2026-05-09,https://example.com/site-speed-optimization,19,407,0.0467,29.75
2026-05-12,https://example.com/seo-audit-checklist,76,1507,0.0504,12.50
2026-05-12,https://example.com/technical-seo-guide,51,1164,0.0438,16.50
2026-05-12,https://example.com/content-cluster-strategy,37,909,0.0407,14.50
2026-05-12,https://example.com/keyword-research-b2b,28,655,0.0427,20.50
2026-05-12,https://example.com/internal-linking-playbook,35,783,0.0447,20.75
2026-05-12,https://example.com/programmatic-seo-case-study,25,630,0.0397,23.75
2026-05-12,https://example.com/local-seo-template,29,653,0.0444,21.50
2026-05-12,https://example.com/site-speed-optimization,19,407,0.0467,29.75
2026-05-15,https://example.com/seo-audit-checklist,76,1507,0.0504,12.50
2026-05-15,https://example.com/technical-seo-guide,51,1164,0.0438,16.50
2026-05-15,https://example.com/content-cluster-strategy,37,909,0.0407,14.50
2026-05-15,https://example.com/keyword-research-b2b,28,655,0.0427,20.50
2026-05-15,https://example.com/internal-linking-playbook,35,783,0.0447,20.75
2026-05-15,https://example.com/programmatic-seo-case-study,25,630,0.0397,23.75
2026-05-15,https://example.com/local-seo-template,29,653,0.0444,21.50
2026-05-15,https://example.com/site-speed-optimization,19,407,0.0467,29.75
2026-05-18,https://example.com/seo-audit-checklist,76,1507,0.0504,12.50
2026-05-18,https://example.com/technical-seo-guide,51,1164,0.0438,16.50
2026-05-18,https://example.com/content-cluster-strategy,37,909,0.0407,14.50
2026-05-18,https://example.com/keyword-research-b2b,28,655,0.0427,20.50
2026-05-18,https://example.com/internal-linking-playbook,35,783,0.0447,20.75
2026-05-18,https://example.com/programmatic-seo-case-study,25,630,0.0397,23.75
2026-05-18,https://example.com/local-seo-template,29,653,0.0444,21.50
2026-05-18,https://example.com/site-speed-optimization,19,407,0.0467,29.75
2026-05-21,https://example.com/seo-audit-checklist,75,1507,0.0498,12.50
2026-05-21,https://example.com/technical-seo-guide,50,1164,0.0430,16.50
2026-05-21,https://example.com/content-cluster-strategy,37,909,0.0407,14.50
2026-05-21,https://example.com/keyword-research-b2b,28,655,0.0427,20.50
2026-05-21,https://example.com/internal-linking-playbook,35,783,0.0447,20.75
2026-05-21,https://example.com/programmatic-seo-case-study,25,630,0.0397,23.75
2026-05-21,https://example.com/local-seo-template,28,653,0.0429,21.50
2026-05-21,https://example.com/site-speed-optimization,19,407,0.0467,29.75
2026-05-24,https://example.com/seo-audit-checklist,75,1507,0.0498,12.50
2026-05-24,https://example.com/technical-seo-guide,50,1164,0.0430,16.50
2026-05-24,https://example.com/content-cluster-strategy,36,909,0.0396,14.50
2026-05-24,https://example.com/keyword-research-b2b,27,655,0.0412,20.50
2026-05-24,https://example.com/internal-linking-playbook,34,783,0.0434,20.75
2026-05-24,https://example.com/programmatic-seo-case-study,25,630,0.0397,23.75
2026-05-24,https://example.com/local-seo-template,28,653,0.0429,21.50
2026-05-24,https://example.com/site-speed-optimization,19,407,0.0467,29.75
2026-05-27,https://example.com/seo-audit-checklist,73,1507,0.0484,12.50
2026-05-27,https://example.com/technical-seo-guide,49,1164,0.0421,16.50
2026-05-27,https://example.com/content-cluster-strategy,36,909,0.0396,14.50
2026-05-27,https://example.com/keyword-research-b2b,27,655,0.0412,20.50
2026-05-27,https://example.com/internal-linking-playbook,34,783,0.0434,20.75
2026-05-27,https://example.com/programmatic-seo-case-study,24,630,0.0381,23.75
2026-05-27,https://example.com/local-seo-template,28,653,0.0429,21.50
2026-05-27,https://example.com/site-speed-optimization,19,407,0.0467,29.75